{"cameraMode":{"drawMode":0,"name":"Shaded","section":"Shading Mode"},"sceneLighting":false,"audioPlay":false,"sceneViewState":{"showFog":false,"showMaterialUpdate":false,"showSkybox":false,"showFlares":false,"showImageEffects":false,"showParticleSystems":true},"in2DMode":false,"pivot":{"x":3.8752570152282717,"y":6.8164472579956059,"z":0.3782958984375},"rotation":{"x":0.23312504589557649,"y":0.4392392039299011,"z":-0.11915463209152222,"w":0.8593741655349731},"size":5.285153865814209,"orthographic":true}