{"cameraMode":{"drawMode":1,"name":"Wireframe","section":"Shading Mode"},"sceneLighting":true,"audioPlay":false,"sceneViewState":{"showFog":false,"showMaterialUpdate":false,"showSkybox":false,"showFlares":false,"showImageEffects":false,"showParticleSystems":true},"in2DMode":false,"pivot":{"x":1.8356804847717286,"y":-0.8827352523803711,"z":0.12425518035888672},"rotation":{"x":0.08311101794242859,"y":0.8991946578025818,"z":-0.19532380998134614,"w":0.38260969519615176},"size":15.121745109558106,"orthographic":true}